@id,@lat,@lon,surveillance:type,operator,direction
261326106,41.9004337,-87.6419063,ALPR,,175
2986637275,41.7508605,-87.6253803,ALPR,,180;160;170;150;190
7025421509,41.8909987,-87.6267914,ALPR,,165
9213232773,41.9858332,-87.7877242,ALPR,Chicago Police Department,180
9213245005,41.9238365,-87.7697797,ALPR,Chicago Police Department,90
9255130981,41.9283550,-87.7147747,ALPR,Chicago Police Department,90
9255130982,41.9533902,-87.7468795,ALPR,Chicago Police Department,90
9255130983,41.9240400,-87.7559999,ALPR,Chicago Police Department,90
9404107657,41.8762522,-87.6767545,ALPR,Chicago Police Department,270
10057056538,41.9185873,-87.6777295,ALPR,,160
10765186749,41.8910328,-87.6512495,ALPR,Illinois State Police,135
10765186750,41.8910366,-87.6510390,ALPR,Illinois State Police,135
10765186751,41.8912806,-87.6510946,ALPR,Illinois State Police,305
10765186752,41.8912781,-87.6508545,ALPR,Illinois State Police,305
10765186753,41.8963435,-87.6580738,ALPR,Illinois State Police,325
10765186754,41.8963467,-87.6578940,ALPR,Illinois State Police,325
10765186755,41.8963403,-87.6582558,ALPR,Illinois State Police,325
10765186756,41.8961142,-87.6580605,ALPR,Illinois State Police,145
10765186757,41.8961050,-87.6585688,ALPR,Illinois State Police,145
10765186758,41.8961091,-87.6583470,ALPR,Illinois State Police,145
10765186759,41.8961119,-87.6581908,ALPR,Illinois State Police,145
10767134880,41.8924780,-87.6478080,ALPR,Illinois State Police,270
10767134881,41.8925397,-87.6478250,ALPR,Illinois State Police,270
10767134882,41.8923747,-87.6475085,ALPR,Illinois State Police,90
10780034864,41.9283049,-87.7120746,ALPR,Chicago Police Department,270
10780034865,41.9282475,-87.7133038,ALPR,Chicago Police Department,200
10838066134,41.8713334,-87.7545845,ALPR,Illinois State Police,90;100
10838066135,41.8716782,-87.7549045,ALPR,Illinois State Police,270;280
10838066139,41.8717457,-87.7491340,ALPR,Illinois State Police,260;270;280;290
10878734452,41.9381913,-87.8066930,ALPR,Chicago Police Department,0
10886812428,41.9536098,-87.7274529,ALPR,Chicago Police Department,90
10886812429,41.9536980,-87.7277825,ALPR,Chicago Police Department,270
10886839489,41.9242959,-87.7465076,ALPR,Chicago Police Department,270
10886839490,41.9285925,-87.7563975,ALPR,Chicago Police Department,165
10887548046,41.8383774,-87.6317821,ALPR,Chicago Police Department,165
10913619205,41.8717090,-87.7303733,ALPR,,220
10918389235,41.9678207,-87.7605193,ALPR,Chicago Police Department,90
10918389236,41.9678242,-87.7639090,ALPR,Chicago Police Department,125
10926547591,41.8832139,-87.6322357,ALPR,Chicago Police Department,75
10926547592,41.8832073,-87.6322357,ALPR,Chicago Police Department,85
10926547593,41.8830986,-87.6325002,ALPR,Chicago Police Department,30
10926547594,41.8845543,-87.6326478,ALPR,Chicago Police Department,155
10926547595,41.8843586,-87.6310388,ALPR,Chicago Police Department,160
10926547596,41.8843608,-87.6310354,ALPR,Chicago Police Department,145
10926547597,41.8844058,-87.6311160,ALPR,Chicago Police Department,280
10926547598,41.8844116,-87.6311125,ALPR,Chicago Police Department,295
10948354983,41.9899459,-87.7485403,ALPR,Chicago Police Department,270
10948354984,41.9898953,-87.6603320,ALPR,Chicago Police Department,180
10962672187,41.9756091,-87.7686348,ALPR,Chicago Police Department,75
10968615073,41.9549002,-87.6444903,ALPR,Chicago Police Department,330
10968615077,41.9600609,-87.6459726,ALPR,Chicago Police Department,350
10968615080,41.9678192,-87.6473936,ALPR,Chicago Police Department,345
10968615081,41.9743311,-87.6490633,ALPR,Chicago Police Department,330
10968643037,41.9539793,-87.7130578,ALPR,Chicago Police Department,115
10968643038,41.9273395,-87.6312749,ALPR,Chicago Police Department,310
10968643041,41.9399217,-87.6374104,ALPR,Chicago Police Department,300
10968643046,41.9415862,-87.6387820,ALPR,Chicago Police Department,315
10968643051,41.9527971,-87.6444452,ALPR,Chicago Police Department,350
10968651874,41.9857117,-87.6539089,ALPR,Chicago Police Department,250
10968651875,41.9854738,-87.6565461,ALPR,Chicago Police Department,90
10968651876,41.9854928,-87.6565476,ALPR,Chicago Police Department,90
10968651877,41.9855590,-87.6568245,ALPR,Chicago Police Department,270
10968651878,41.9855404,-87.6568241,ALPR,Chicago Police Department,270
10968651883,41.9837772,-87.6536320,ALPR,Chicago Police Department,180
10968651884,41.9762918,-87.6511120,ALPR,Chicago Police Department,145
10968651885,41.9654013,-87.6479309,ALPR,Chicago Police Department,130
10968651887,41.9583814,-87.6461733,ALPR,Chicago Police Department,145
10968651889,41.9414356,-87.6395173,ALPR,Chicago Police Department,135
10968651890,41.9272523,-87.6319888,ALPR,Chicago Police Department,165
10997293627,41.9466050,-87.7128451,ALPR,Chicago Police Department,270
11016329327,41.9027727,-87.7264479,ALPR,Chicago Police Department,250
11016775374,41.8868374,-87.6444349,ALPR,Chicago Police Department,270
11016775375,41.8867926,-87.6441659,ALPR,Chicago Police Department,90
11016775376,41.8869218,-87.6442443,ALPR,Chicago Police Department,0
11016775377,41.8866913,-87.6443180,ALPR,Chicago Police Department,180
11040424647,41.8910839,-87.6476645,ALPR,Chicago Police Department,180
11040424650,41.8744331,-87.6276786,ALPR,Chicago Police Department,180
11052797776,41.9172056,-87.7291964,ALPR,Chicago Police Department,245
11086127546,41.8924315,-87.6323890,ALPR,Chicago Police Department,75
11086127547,41.8924235,-87.6323880,ALPR,Chicago Police Department,90
11086127548,41.8923781,-87.6323857,ALPR,Chicago Police Department,90
11092759460,41.9394489,-87.7026836,ALPR,Chicago Police Department,0
11097622393,41.8767405,-87.6366740,ALPR,Chicago Police Department,345
11097622394,41.8767891,-87.6366794,ALPR,Chicago Police Department,0
11098183823,41.8718257,-87.7647668,ALPR,Chicago Police Department,205
11098381975,41.8736329,-87.7327513,ALPR,Illinois State Police,90;80;70;100
11098381976,41.8735139,-87.7327512,ALPR,Illinois State Police,80
11098381977,41.8737687,-87.7229703,ALPR,Illinois State Police,90;80;70;100
11098381978,41.8741068,-87.7230362,ALPR,Illinois State Police,270;260;250;280
11098381979,41.8742418,-87.7157919,ALPR,Illinois State Police,270;280
11098381980,41.8746032,-87.7060744,ALPR,Illinois State Police,260;250;240;270;280
11098381981,41.8742869,-87.7058073,ALPR,Illinois State Police,80;70;90;100;110
11098381982,41.8752696,-87.6906120,ALPR,Illinois State Police,90;70;80;100
11098381983,41.8757335,-87.6906860,ALPR,Illinois State Police,270;250;260;280
11098381984,41.8758851,-87.6906901,ALPR,Illinois State Police,270;280
11098381985,41.8751197,-87.6906073,ALPR,Illinois State Police,90;100
11135487050,41.9012886,-87.6238237,ALPR,Chicago Police Department,0
11135487051,41.9012890,-87.6238303,ALPR,Chicago Police Department,345
11152172380,41.9252143,-87.6683314,ALPR,Chicago Police Department,270
11157999665,41.8384291,-87.6265827,ALPR,Chicago Police Department,0
11157999666,41.8472557,-87.6271031,ALPR,Illinois State Police,250
11157999667,41.8472864,-87.6271028,ALPR,Illinois State Police,260
11157999668,41.8471966,-87.6265784,ALPR,Illinois State Police,70
11158252257,41.8956257,-87.7066833,ALPR,Chicago Police Department,250
11184621333,41.8755145,-87.6305423,ALPR,Chicago Police Department,85
11218784867,41.8613597,-87.6958928,ALPR,,240
11230512892,41.7289434,-87.6247737,ALPR,Illinois State Police,180;170;160;190;200
11230514297,41.6846992,-87.6623338,ALPR,Illinois State Police,180
11230514298,41.7147907,-87.6432419,ALPR,Illinois State Police,270
11232808356,41.8016745,-87.6318342,ALPR,Illinois State Police,180
11232808357,41.8016788,-87.6315677,ALPR,Illinois State Police,180
11232808358,41.8016785,-87.6315159,ALPR,Illinois State Police,180
11232808359,41.8016747,-87.6317858,ALPR,Illinois State Police,180
11232809988,41.8089664,-87.6326871,ALPR,Chicago Police Department,180
11232809989,41.8089671,-87.6326455,ALPR,Chicago Police Department,170
11232841648,41.7730452,-87.6058684,ALPR,Chicago Police Department,170
11237125126,41.9153896,-87.7277999,ALPR,Chicago Police Department,105
11241901562,41.6586196,-87.5589304,ALPR,Chicago Police Department,350
11242235185,41.7518297,-87.5478306,ALPR,Chicago Police Department,110
11242235187,41.7521381,-87.5479114,ALPR,Chicago Police Department,310
11246746272,41.7725906,-87.6266644,ALPR,Chicago Police Department,200
11246751093,41.7578117,-87.5945115,ALPR,Chicago Police Department,120
11246854788,41.7555491,-87.5914043,ALPR,Chicago Police Department,120
11246854791,41.7514988,-87.5799612,ALPR,Chicago Police Department,290
11247448875,41.7727665,-87.6301016,ALPR,Chicago Police Department,260
11247448876,41.7724222,-87.6444434,ALPR,Chicago Police Department,80
11250341580,41.7943240,-87.6453440,ALPR,Chicago Police Department,265
11250341583,41.7797057,-87.6445832,ALPR,Chicago Police Department,75
11291030975,41.8730521,-87.7547535,ALPR,Chicago Police Department,0
11291083105,41.8820123,-87.7258652,ALPR,Chicago Police Department,260
11291083106,41.8818739,-87.7255690,ALPR,Chicago Police Department,85
11291127146,41.8955090,-87.7164640,ALPR,Chicago Police Department,270
11291211754,41.8118225,-87.5894386,ALPR,Chicago Police Department,305
11291239836,41.7926285,-87.5800826,ALPR,Chicago Police Department,345
11294661195,41.7879416,-87.5891983,ALPR,University of Chicago Police Department,105
11294686251,41.7877929,-87.6059183,ALPR,University of Chicago Police Department,200
11294686254,41.7878543,-87.6011308,ALPR,University of Chicago Police Department,195
11456195744,41.6517223,-87.6171378,ALPR,Chicago Police Department,350
11492773016,41.8933138,-87.6283191,ALPR,Chicago Police Department,260
11492773017,41.8916639,-87.6282597,ALPR,Chicago Police Department,270
11500824435,41.9900858,-87.7952464,ALPR,Chicago Police Department,120
11501294876,41.9042891,-87.7213991,ALPR,Chicago Police Department,260
11501294877,41.9070367,-87.7287576,ALPR,Chicago Police Department,115
11501651132,41.8163027,-87.6458327,ALPR,Chicago Police Department,170
11501881267,41.8086578,-87.6651990,ALPR,Chicago Police Department,265
11502009136,41.8373808,-87.6657877,ALPR,Chicago Police Department,180
11503681932,41.7510703,-87.6147991,ALPR,Chicago Police Department,80
11504948430,41.9681888,-87.7278974,ALPR,Chicago Police Department,80
11506893090,41.9148279,-87.6268854,ALPR,Chicago Police Department,300
11509114188,41.8905683,-87.6135475,ALPR,Chicago Police Department,25
11544737784,41.8673487,-87.6272481,ALPR,Chicago Police Department,75
11596427229,41.7257070,-87.6007901,ALPR,Chicago Police Department,80
11596451262,41.7225577,-87.5752183,ALPR,Chicago Police Department,255
11826301082,41.8801959,-87.7646984,ALPR,Chicago Police Department,90
11826478703,41.7940451,-87.6318007,ALPR,Chicago Police Department,180
11838848938,41.6515528,-87.5276000,ALPR,Chicago Police Department,325
11867416908,41.8529470,-87.6322020,ALPR,Chicago Police Department,270
11867416909,41.8529170,-87.6321987,ALPR,Chicago Police Department,270
11867416912,41.8577644,-87.6388546,ALPR,Chicago Police Department,350
11867416913,41.8879749,-87.6280276,ALPR,Chicago Police Department,200
11867416914,41.9033033,-87.6672503,ALPR,Chicago Police Department,90
11867416915,41.9073830,-87.6727038,ALPR,Chicago Police Department,300
11867416918,41.9101335,-87.6772131,ALPR,Chicago Police Department,110
11900029678,41.9009035,-87.6243353,ALPR,,255
12170786178,41.9243113,-87.7364008,ALPR,Chicago Police Department,90
12170786179,41.9239717,-87.7561855,ALPR,Chicago Police Department,180
12182513651,41.8805900,-87.7454359,ALPR,Chicago Police Department,250
12182513652,41.8803332,-87.7453384,ALPR,Chicago Police Department,180
12182513660,41.8872523,-87.7456301,ALPR,Chicago Police Department,165
12182674171,41.8730241,-87.7450682,ALPR,Chicago Police Department,180
12182792167,41.8930892,-87.6327186,ALPR,Chicago Police Department,180
12182910795,41.8623544,-87.7104911,ALPR,Chicago Police Department,165
12182910797,41.8591378,-87.7103073,ALPR,Chicago Police Department,0
12182910855,41.9096329,-87.7751480,ALPR,Chicago Police Department,345
12182910856,41.9098100,-87.7753399,ALPR,Chicago Police Department,180
12182927189,41.8739735,-87.7328222,ALPR,Illinois State Police,255;245;235;255
12182927190,41.8741347,-87.7328274,ALPR,Illinois State Police,275
12182927191,41.8736069,-87.7229631,ALPR,Illinois State Police,100
12182927192,41.8742530,-87.7230358,ALPR,Illinois State Police,255
12182943660,41.8661312,-87.7200936,ALPR,Chicago Police Department,180
12184406789,41.7948911,-87.5982617,ALPR,University of Chicago Police Department,70
12184445871,41.7949036,-87.6015690,ALPR,University of Chicago Police Department,300
12300326241,41.8755758,-87.6274437,ALPR,Chicago Police Department,90
12300326242,41.8755910,-87.6274459,ALPR,Chicago Police Department,85
12300326243,41.8755547,-87.6274439,ALPR,Chicago Police Department,90
12300326245,41.8757012,-87.6308797,ALPR,Chicago Police Department,270
12300326250,41.8770798,-87.6240895,ALPR,Chicago Police Department,345
12300586960,41.9275920,-87.7882395,ALPR,Flock Safety,350
12300586961,41.9291403,-87.7892283,ALPR,Flock Safety,180
12300588386,41.9040778,-87.6674478,ALPR,Chicago Police Department,0
12300622037,41.9062906,-87.6677723,ALPR,Flock Safety,250
12300622038,41.9052971,-87.6678915,ALPR,Flock Safety,270
12302342156,41.9901342,-87.6569021,ALPR,Chicago Police Department,250
12372597583,41.9608429,-87.7278788,ALPR,Chicago Police Department,175
12372597584,41.9169568,-87.7363791,ALPR,Chicago Police Department,175
12372597585,41.9530271,-87.7766361,ALPR,Chicago Police Department,80
12372597586,41.9530862,-87.7769400,ALPR,Chicago Police Department,270
12372597587,41.9533608,-87.7572782,ALPR,Chicago Police Department,260
12372597588,41.9533364,-87.7572762,ALPR,Chicago Police Department,256
12372728341,41.9311076,-87.7758398,ALPR,Chicago Police Department,80
12372728342,41.9605986,-87.7672066,ALPR,Chicago Police Department,0
12372728344,41.9320761,-87.6974735,ALPR,Chicago Police Department,90
12372728346,41.9322042,-87.6881677,ALPR,Chicago Police Department,270
12372728348,41.9321077,-87.6781717,ALPR,Chicago Police Department,180
12372728349,41.9321064,-87.6782314,ALPR,Chicago Police Department,155
12372728352,41.9251990,-87.6727090,ALPR,Chicago Police Department,245
12387444352,41.7504355,-87.6636656,ALPR,,260
12416852657,41.7291408,-87.6243427,ALPR,Illinois State Police,0;340;350;10;20
12507790087,41.8893528,-87.6240898,ALPR,Chicago Police Department,5
12507790088,41.8893521,-87.6240971,ALPR,Chicago Police Department,350
12507790089,41.8893476,-87.6241028,ALPR,Chicago Police Department,335
12507834589,41.8908315,-87.6242425,ALPR,Chicago Police Department,180
12507834590,41.8908316,-87.6242737,ALPR,Chicago Police Department,180
12620848738,41.8638477,-87.7019795,ALPR,Chicago Police Department,340
12620848740,41.8610515,-87.6958567,ALPR,Chicago Police Department,85
12704643499,41.9277588,-87.6731467,ALPR,,230
12770696790,41.9909733,-87.6898734,ALPR,,170
12784441034,41.8734225,-87.6170665,ALPR,Chicago Police Department,0
12784441035,41.8734223,-87.6170889,ALPR,Chicago Police Department,345
12784441036,41.8734224,-87.6170402,ALPR,Chicago Police Department,0
12784441037,41.8734229,-87.6170151,ALPR,Chicago Police Department,0
12786283191,41.9883256,-87.7875491,ALPR,Chicago Police Department,330
12800634568,41.7997011,-87.7773271,ALPR,,60
12811770245,41.9380512,-87.8069235,ALPR,Chicago Police Department,270
12813313843,41.9761534,-87.7879108,ALPR,Chicago Police Department,180
12813313844,41.9764374,-87.7878323,ALPR,Chicago Police Department,0
12813313845,41.9676818,-87.7675340,ALPR,Chicago Police Department,175
12813313848,41.9755903,-87.7283666,ALPR,Chicago Police Department,270
12813313849,41.9755703,-87.7283659,ALPR,Chicago Police Department,270
12813313850,41.9828040,-87.7282346,ALPR,Chicago Police Department,90
12813313853,41.9753185,-87.7478580,ALPR,Chicago Police Department,90
12813313854,41.9752869,-87.7478582,ALPR,Chicago Police Department,90
12828861078,41.9453014,-87.8071784,ALPR,Chicago Police Department,270
12828861079,41.9452304,-87.8068530,ALPR,Chicago Police Department,90
12828870589,41.9237266,-87.7887650,ALPR,Chicago Police Department,265
12828870591,41.9237013,-87.7887626,ALPR,Chicago Police Department,255
12828878434,41.9235703,-87.7950838,ALPR,Chicago Police Department,90
12828878435,41.9235440,-87.7950824,ALPR,Chicago Police Department,90
12829313150,41.9607249,-87.7449020,ALPR,Chicago Police Department,90
12829313151,41.9607073,-87.7449014,ALPR,Chicago Police Department,90
12829313156,41.9535954,-87.7475627,ALPR,Chicago Police Department,310
12829313158,41.9536119,-87.7472654,ALPR,Chicago Police Department,0
12829313159,41.9536116,-87.7472169,ALPR,Chicago Police Department,0
12829313160,41.9533023,-87.7473968,ALPR,Chicago Police Department,180
12829313161,41.9533012,-87.7473442,ALPR,Chicago Police Department,180
12847139934,41.7514020,-87.6051538,ALPR,Chicago Police Department,0
12847139935,41.7512584,-87.6050180,ALPR,Chicago Police Department,90
12847139936,41.7512056,-87.6052782,ALPR,Chicago Police Department,180
12847139937,41.7513158,-87.6053870,ALPR,Chicago Police Department,270
12861566522,41.8094531,-87.6304871,ALPR,,340
12861566523,41.8192448,-87.6302265,ALPR,,350;10
12861566524,41.8192458,-87.6301348,ALPR,,350;10
12861566525,41.8192476,-87.6299710,ALPR,,350;10
12861566526,41.8192486,-87.6298807,ALPR,,350;10
12861585351,41.8190558,-87.6305970,ALPR,,170;190
12861585352,41.8190552,-87.6305092,ALPR,,170;190
12861585353,41.8190536,-87.6307592,ALPR,,170;190
12861585354,41.8190524,-87.6308507,ALPR,,170;190
12861585355,41.8238065,-87.6303314,ALPR,,350;10
12861585356,41.8238077,-87.6302469,ALPR,,350;10
12861585357,41.8238101,-87.6300739,ALPR,,350;10
12861585358,41.8238111,-87.6300029,ALPR,,350;10
12861585359,41.8235270,-87.6306196,ALPR,,170;190
12861585360,41.8235257,-87.6307109,ALPR,,170;190
12861585361,41.8235235,-87.6308705,ALPR,,170;190
12861585362,41.8235228,-87.6309201,ALPR,,170;190
12861585363,41.8345161,-87.6311531,ALPR,,170;190
12861585364,41.8345155,-87.6311965,ALPR,,170;190
12861585365,41.8345147,-87.6312565,ALPR,,180
12861585366,41.8345185,-87.6309852,ALPR,,170;190
12861585367,41.8345198,-87.6308959,ALPR,,170;190
12861585368,41.8346962,-87.6306181,ALPR,,350;10
12861585369,41.8346972,-87.6305306,ALPR,,350;10
12861585370,41.8346992,-87.6303633,ALPR,,350;10
12861585371,41.8347004,-87.6302681,ALPR,,350;10
12861585372,41.8478923,-87.6385383,ALPR,,30;150
12861585374,41.8576956,-87.6438971,ALPR,,0
12913084155,41.9454555,-87.7185255,ALPR,,120
12917692706,41.8454584,-87.6384919,ALPR,,100
12951813718,41.8853077,-87.7210820,ALPR,,240
12951813719,41.8851283,-87.7207593,ALPR,,60
12992852301,41.6923088,-87.5977612,ALPR,,280;260;70
12992852302,41.6934400,-87.5981496,ALPR,,230
12992852303,41.6862745,-87.6010919,ALPR,,270;250;80
12992852304,41.6869252,-87.6016272,ALPR,,240
12992852305,41.6618161,-87.5889585,ALPR,,280
12992852306,41.6594587,-87.5873321,ALPR,,80
12992852307,41.6589689,-87.5891167,ALPR,,110
12992852308,41.6615273,-87.5911697,ALPR,,230
12995178201,41.8966479,-87.6429020,ALPR,Chicago Police Department,0
12995178202,41.8964496,-87.6428496,ALPR,Chicago Police Department,90
12995178203,41.8964218,-87.6428498,ALPR,Chicago Police Department,90
12995178204,41.8965084,-87.6430781,ALPR,Chicago Police Department,270
13038086402,41.9520193,-87.8344138,ALPR,Chicago Police Department,70
13038150126,41.9254149,-87.7924619,ALPR,Flock Safety,210
13038150127,41.9254177,-87.7924621,ALPR,Flock Safety,285
13038155635,41.9314365,-87.7565652,ALPR,Chicago Police Department,265
13038155636,41.9682568,-87.7182839,ALPR,Chicago Police Department,165
13038182873,41.9517995,-87.8071614,ALPR,Chicago Police Department,325
13038182874,41.9518007,-87.8071524,ALPR,Chicago Police Department,345
13038198687,41.9274349,-87.7855449,ALPR,Chicago Police Department,0
13056453486,41.7481751,-87.7408555,ALPR,,95
13056453487,41.7489914,-87.7400048,ALPR,,190
13056453488,41.7490114,-87.7391009,ALPR,,180
13056453489,41.7471000,-87.7401150,ALPR,,25
13064471933,41.9121607,-87.6329997,ALPR,,330
13064471936,41.9109673,-87.6483975,ALPR,,270
13064471937,41.9108409,-87.6483360,ALPR,,180
13064471938,41.9108843,-87.6481667,ALPR,,90
13064471939,41.9110077,-87.6482297,ALPR,,0
13064471940,41.9108700,-87.6492859,ALPR,,90
13064471941,41.9109483,-87.6497353,ALPR,,270
13064471942,41.9110200,-87.6510496,ALPR,,330
13064471943,41.9108819,-87.6558502,ALPR,,240
13064471944,41.9109259,-87.6592158,ALPR,,10
13064471946,41.9109311,-87.6602801,ALPR,,320
13064471947,41.9137958,-87.6534608,ALPR,,320
13064471948,41.9138375,-87.6531684,ALPR,,0
13064471949,41.9137349,-87.6531095,ALPR,,90
13064471950,41.9134235,-87.6530990,ALPR,,130
13064471951,41.9134775,-87.6532626,ALPR,,180
13064471952,41.9107241,-87.6676051,ALPR,,0
13065601204,41.8754357,-87.6730596,ALPR,Illinois State Police,70;80;90;100;60
13065601205,41.8759033,-87.6728750,ALPR,Illinois State Police,270;260;250;280;290
13065601206,41.8761308,-87.6619676,ALPR,Illinois State Police,270;260;250;280;290
13065601209,41.8761876,-87.6571816,ALPR,Illinois State Police,280;270
13065601210,41.8755711,-87.6568074,ALPR,Illinois State Police,110;120
13082080208,41.7920079,-87.7950936,ALPR,,60
13082080209,41.7927180,-87.7803839,ALPR,,65
13082080210,41.7926906,-87.7803724,ALPR,,65
13082080211,41.7940936,-87.7722859,ALPR,,50
13082090122,41.7996027,-87.7626223,ALPR,,150
13082090123,41.7996102,-87.7623896,ALPR,,330
13097824993,41.9874483,-87.8068185,ALPR,Chicago Police Department,340
13111298130,41.9751637,-87.6550653,ALPR,,150
13111298131,41.9754150,-87.6549044,ALPR,,330
13113267488,41.9102355,-87.6774613,ALPR,,180
13113267489,41.9104910,-87.6773084,ALPR,,90
13113267490,41.9106347,-87.6777885,ALPR,,315
13113267491,41.9106307,-87.6774586,ALPR,,0
13113267492,41.9105429,-87.6779951,ALPR,,255
13113313635,41.9689823,-87.6599466,ALPR,,165
13113425620,41.9038644,-87.6300569,ALPR,,180
13113425621,41.9040480,-87.6286622,ALPR,,0
13116473119,41.8918034,-87.6266956,ALPR,,0
13116673906,41.8968950,-87.6241208,ALPR,,335
13116673907,41.8966914,-87.6240940,ALPR,,75
13116673908,41.9006903,-87.6242523,ALPR,,180
13116724751,41.9277794,-87.6816971,ALPR,The Home Depot,200
13119468205,41.9110068,-87.6432932,ALPR,,90
13119508735,41.9114317,-87.6255558,ALPR,,345
13119508736,41.9114177,-87.6261324,ALPR,,180
13119508737,41.9146033,-87.6273984,ALPR,,195
13119508738,41.9250133,-87.6305398,ALPR,,0
13119508739,41.9248153,-87.6310602,ALPR,,155
13119508740,41.9257637,-87.6337499,ALPR,,255
13119508741,41.9258298,-87.6360138,ALPR,,320
13119508742,41.9394520,-87.6380012,ALPR,,115
13124334735,41.9577853,-87.6814490,ALPR,,270
13124334736,41.9538930,-87.6885715,ALPR,,180
13124352708,41.9687374,-87.6888429,ALPR,,0
13146215129,41.8914845,-87.6396996,ALPR,,90
13146215130,41.8915564,-87.6400698,ALPR,,260
13146215131,41.8019525,-87.6312239,ALPR,,350;0;10
13146215132,41.8019548,-87.6311224,ALPR,,10
13146215133,41.8019556,-87.6309733,ALPR,,350;0;10
13146215134,41.7873618,-87.6308285,ALPR,,350;0;10;20
13146215135,41.7873644,-87.6305800,ALPR,,350;0;10
13146215136,41.7871223,-87.6313058,ALPR,,180;170;190
13146215137,41.7871183,-87.6314763,ALPR,,180
13146215138,41.7871137,-87.6316422,ALPR,,180;170;190
13146215139,41.7798377,-87.6312148,ALPR,,180;170;190
13146215140,41.7798307,-87.6314186,ALPR,,180;170;190;160
13146215141,41.7800727,-87.6307731,ALPR,,360;350;10;20
13146215142,41.7800738,-87.6305451,ALPR,,360;350;10
13146215143,41.7728743,-87.6258131,ALPR,,360;350;10
13146215144,41.7728784,-87.6255645,ALPR,,360;350;10
13146215145,41.7725957,-87.6261414,ALPR,,180;160;170
13146215146,41.7725917,-87.6263502,ALPR,,180;170
13146215147,41.7725898,-87.6264528,ALPR,,180
13146215148,41.7652921,-87.6259291,ALPR,,180;160;170;150;190;200
13146215149,41.7655925,-87.6255318,ALPR,,350;0;10;20;340;330
13146215150,41.7580419,-87.6257822,ALPR,,180;160;170;150;190
13146215151,41.7583091,-87.6253302,ALPR,,340;350;360;10;20
13146215152,41.7511595,-87.6249930,ALPR,,340;350;0;10;20
13146215153,41.7435181,-87.6252050,ALPR,,180;160;170;150;190
13146215154,41.7437836,-87.6247551,ALPR,,340;350;0;10;20
13146215155,41.6605259,-87.5891467,ALPR,,330;320;340;350
13146215156,41.6602652,-87.5891499,ALPR,,160;170;150;180;140
13156986667,41.8714024,-87.7490686,ALPR,Illinois State Police,90;70;80;100
13156986668,41.8713846,-87.7490672,ALPR,Illinois State Police,110
13156986669,41.8758133,-87.6815180,ALPR,Illinois State Police,270;260;280;260
13156986670,41.8759117,-87.6815166,ALPR,Illinois State Police,280
13156986671,41.8753522,-87.6812738,ALPR,Illinois State Police,70;80;90;100
13156986672,41.8755870,-87.6617182,ALPR,Illinois State Police,70;80;90;60;100
13167887143,41.9213165,-87.6777939,ALPR,,180
13171670587,41.9209339,-87.6633777,ALPR,,310
13171670588,41.9214540,-87.6687250,ALPR,,170
13172115298,41.9952651,-87.7146807,ALPR,,0
13172115299,41.9971162,-87.7131406,ALPR,,150
13172115300,41.9960465,-87.7127920,ALPR,,270
13191323620,41.9828327,-87.8059631,ALPR,Chicago Police Department,240
13191808015,41.9393147,-87.6882327,ALPR,,150
13191808016,41.9101790,-87.6910513,ALPR,,140
13191808017,41.9100672,-87.6971025,ALPR,,180
13191808018,41.9097500,-87.7436007,ALPR,,240
13191808019,41.9098268,-87.7460748,ALPR,,0
13191808020,41.9098256,-87.7460238,ALPR,,0
13191808021,41.9095875,-87.7559440,ALPR,,270
13191808022,41.9095414,-87.7559491,ALPR,,270
13191808023,41.9094725,-87.7557026,ALPR,,90
13191808024,41.9094283,-87.7556996,ALPR,,90
13191808028,41.9177796,-87.6726129,ALPR,,60
13191808031,41.9120963,-87.6602635,ALPR,,60
13191808032,41.9126984,-87.6598875,ALPR,,120
13198281664,41.9455066,-87.8003073,ALPR,,120
13208032331,41.9251615,-87.6727066,ALPR,,270
13208032332,41.9251317,-87.6727039,ALPR,,270
13235219313,41.9252165,-87.6721102,ALPR,,330
13246748773,41.8672172,-87.6390625,ALPR,Chicago Police Department,90
13246748774,41.8671893,-87.6390634,ALPR,Chicago Police Department,90
13246748775,41.8671627,-87.6390616,ALPR,Chicago Police Department,90
13246748776,41.8387205,-87.6077740,ALPR,Chicago Police Department,340
13246748777,41.8387229,-87.6078336,ALPR,Chicago Police Department,340
13254951702,41.9853818,-87.7878323,ALPR,,150
13254951703,41.9850389,-87.7875535,ALPR,,330
13261802811,41.9528279,-87.7766735,ALPR,,345
13261802987,41.9454978,-87.7763978,ALPR,,345
13261832160,41.9471027,-87.7764576,ALPR,,335
13267622719,41.9244380,-87.7926871,ALPR,,115
13267622720,41.9241620,-87.7920282,ALPR,,20
13285953301,41.9576815,-87.6886525,ALPR,,0
13287206329,41.9513628,-87.7273354,ALPR,,130
13311202701,41.8794589,-87.6351382,ALPR,,328
13320240001,41.8906519,-87.6868385,ALPR,,261
13322825101,41.9323441,-87.6684548,ALPR,,178
13326055876,41.9390233,-87.7276344,ALPR,,310
13326055878,41.8660969,-87.6407837,ALPR,,220
13326055879,41.8665548,-87.6408387,ALPR,,300;200
13326055880,41.8669710,-87.6464381,ALPR,,50
13326055881,41.8701379,-87.6454658,ALPR,,140
13326055882,41.8819103,-87.6279174,ALPR,,150
13326055883,41.8821771,-87.6276887,ALPR,,320
13326055884,41.8821053,-87.6279984,ALPR,,100
13329036559,41.9760479,-87.6922494,ALPR,,330
13329044114,41.9776012,-87.6926510,ALPR,,165
13358125874,41.8743876,-87.7177652,ALPR,,250
13358125875,41.8734552,-87.7191724,ALPR,,45
13358125876,41.8745080,-87.7211602,ALPR,,230
13359689301,41.8948852,-87.6253802,ALPR,,248-293
13370000401,41.9061822,-87.6698958,ALPR,,61-106
13373935847,41.9753187,-87.8365099,ALPR,,320
13375020601,41.8685094,-87.6960269,ALPR,,166
13381100405,41.9607253,-87.7545116,ALPR,,330
13383484090,41.9462577,-87.7394896,ALPR,,270
13388635620,41.9033142,-87.6616959,ALPR,,180
13389422981,41.9973997,-87.7881884,ALPR,,270
13394459301,41.8589170,-87.7249430,ALPR,,0
13394459302,41.8671143,-87.7252213,ALPR,,172
13394467501,41.8078555,-87.7236161,ALPR,,172
13394468202,41.7931401,-87.7232440,ALPR,,154
13398730052,41.9974814,-87.7669226,ALPR,,300
13450572601,41.7957132,-87.8014665,ALPR,,332
13451711187,41.9326752,-87.6586844,ALPR,,345
13451711188,41.9033724,-87.6677053,ALPR,,270
13451711189,41.8965403,-87.6327541,ALPR,,180
13451748099,41.9618406,-87.6524572,ALPR,,270
13451751911,41.9683323,-87.7134403,ALPR,,180
13451753831,41.9618415,-87.6469061,ALPR,,135
13451808206,41.8544963,-87.7149569,ALPR,,60
13451808207,41.8545555,-87.7152177,ALPR,,240
13451808208,41.8625751,-87.7055063,ALPR,,0
13451810762,41.8667599,-87.6859436,ALPR,,0
13451810763,41.8667644,-87.6860140,ALPR,,0
13451814419,41.9685338,-87.7074156,ALPR,,245
13456943167,41.9323379,-87.6784693,ALPR,,270
13470566306,41.9318442,-87.7270875,ALPR,,270
13470566307,41.9317240,-87.7378949,ALPR,,250
13472618155,41.9977203,-87.6897069,ALPR,,90
13472618156,41.9982144,-87.6607790,ALPR,,270
13472618157,41.9980951,-87.6605935,ALPR,,180
13472618158,41.9396163,-87.6784879,ALPR,,270
13472618159,41.9611160,-87.7082997,ALPR,,180
13472618160,42.0119889,-87.6997881,ALPR,,180
13472618161,42.0119357,-87.7043389,ALPR,,90
13472618162,42.0122059,-87.6950910,ALPR,,270
13472620014,41.9760606,-87.6795523,ALPR,,270
13472625009,41.9974500,-87.7044155,ALPR,,90
13478178578,41.7793490,-87.6835900,ALPR,,0
13478178579,41.7792996,-87.6838399,ALPR,,270
13478178580,41.7791014,-87.6837126,ALPR,,180
13478178581,41.7791545,-87.6834411,ALPR,,90
13478178582,41.7793455,-87.6643049,ALPR,,180
13478214485,41.7142025,-87.6427813,ALPR,,80
13478214486,41.7145437,-87.6428165,ALPR,Illinois State Police,90
13478226021,41.7685254,-87.6637430,ALPR,,90
13478226022,41.7357407,-87.6628788,ALPR,,90
13478262506,41.7133980,-87.6201024,ALPR,Illinois State Police,110
13478262507,41.7138837,-87.6204569,ALPR,Illinois State Police,305
13478262508,41.7140765,-87.6204986,ALPR,Illinois State Police,305
13481121001,41.8948286,-87.7652724,ALPR,,90
13481121002,41.9023128,-87.7556432,ALPR,,250
13485263601,41.9116340,-87.6516930,ALPR,,152
13504726901,41.9114072,-87.6515064,ALPR,,80
13505310101,41.9119048,-87.6513068,ALPR,,321
13510255901,41.9279204,-87.6744433,ALPR,,252
13517221902,41.6915630,-87.7008175,ALPR,,0;88;176;266
13517324001,41.7061520,-87.7006044,ALPR,,86
13517793301,41.7065420,-87.6816577,ALPR,,0
13517793302,41.7064145,-87.6815973,ALPR,,181
13522026962,41.8650740,-87.6195186,ALPR,,330
13522026963,41.8467690,-87.6266422,ALPR,,45
13522026964,41.8454771,-87.6269963,ALPR,,180
13522026966,41.8696363,-87.6393563,ALPR,,180
13522026967,41.8673052,-87.6323638,ALPR,,90
13522026968,41.8674377,-87.6307054,ALPR,,270
13522026969,41.8577858,-87.6240064,ALPR,,180
13522026970,41.8640314,-87.6242489,ALPR,,140
13522026971,41.8642018,-87.6239069,ALPR,,320
13522026973,41.8724051,-87.6569432,ALPR,,45
13530531701,41.9242212,-87.6682276,ALPR,,175
13565796901,41.7062413,-87.7006141,ALPR,,258
13567195024,41.9583668,-87.9326916,ALPR,,45
13567195025,41.9254235,-87.6725062,ALPR,,310
13568050501,41.8087725,-87.6823526,ALPR,,227
13577428526,41.9039414,-87.6970053,ALPR,,20
13580413703,41.8892902,-87.6267259,ALPR,,90
13580413704,41.8941849,-87.6153486,ALPR,,150
13580413705,41.8932908,-87.6228479,ALPR,,300
13580413706,41.8820223,-87.6205468,ALPR,,20
13580413707,41.8821119,-87.6206964,ALPR,,340
13580413708,41.8649271,-87.6196049,ALPR,,190
13580413709,41.8650074,-87.6195409,ALPR,,110
13580413710,41.8930414,-87.6145324,ALPR,,150
13582746001,41.7060021,-87.7160411,ALPR,,246
13582747001,41.7059748,-87.7159839,ALPR,,76
13594163801,41.9627565,-87.8810237,ALPR,,290
13599708201,41.9759308,-87.8859284,ALPR,,335-45
13599708801,41.9759245,-87.8858374,ALPR,,9
13606435902,41.9860780,-87.8816009,ALPR,,55
13613410001,41.6916972,-87.6982507,ALPR,,262
13619331170,41.8218630,-87.7443414,ALPR,,55
13621636101,41.9761203,-87.8878635,ALPR,,286
13621639701,41.9761844,-87.8878427,ALPR,,289
13629041557,41.9128511,-87.7433271,ALPR,Chicago Police Department,120
13629041558,41.9128315,-87.7433418,ALPR,Chicago Police Department,120
13629140535,41.9467172,-87.6981799,ALPR,Chicago Police Department,265
13660363140,41.8660591,-87.7641795,ALPR,,340
13670543620,41.8948476,-87.7556641,ALPR,,180
13670543621,41.8950896,-87.7555527,ALPR,,0
13670576240,41.9061088,-87.7264534,ALPR,,180
13670576241,41.9062757,-87.7263882,ALPR,,0
13670584017,41.9242839,-87.7537484,ALPR,,270
13673313902,41.7366738,-87.6292940,ALPR,,104
13680773584,41.8703165,-87.7352409,ALPR,,245
13680797371,41.8369987,-87.7242800,ALPR,,355
13680826114,41.8770808,-87.7353016,ALPR,,0
13680850401,41.8802670,-87.7746067,ALPR,,0
13687007701,41.7421103,-87.6303263,ALPR,,0
13687262401,41.7374069,-87.5524610,ALPR,,262
13689618201,41.7373278,-87.6293203,ALPR,,95
13689625501,41.7373232,-87.6303061,ALPR,,180
13689626501,41.7366315,-87.6303011,ALPR,,173
13689659002,41.7373175,-87.6297525,ALPR,,160
13699872096,41.8738753,-87.7354864,ALPR,,220
13715206047,41.8847689,-87.7110490,ALPR,,340
13715206048,41.8847434,-87.7112701,ALPR,,255
13715206050,41.8845318,-87.7111823,ALPR,,180
13715206051,41.8845573,-87.7109677,ALPR,,80
13717686711,41.9775935,-87.7683262,ALPR,,345
13721128712,41.8853344,-87.7208263,ALPR,,350
13721128713,41.8848667,-87.7134399,ALPR,,250
13724437702,41.7413140,-87.6317452,ALPR,,93
13730905809,41.8761506,-87.6872761,ALPR,,215
13738748697,41.9942886,-87.7138537,ALPR,,135
13741665101,41.7932638,-87.7232437,ALPR,,253
13741665301,41.8698171,-87.7252837,ALPR,,0
13741665401,41.8708675,-87.7278344,ALPR,,22
13741666201,41.8703110,-87.7351801,ALPR,,233
13741666901,41.8832786,-87.7380909,ALPR,,16
13742754904,41.9612292,-87.6983084,ALPR,,90
13743571260,41.9943975,-87.7141745,ALPR,,180
13751550597,41.8761924,-87.6861710,ALPR,,0
13758408501,41.8520081,-87.6855993,ALPR,,0
13759091101,41.8369604,-87.7243254,ALPR,,0
13759092001,41.8424690,-87.7244795,ALPR,,0
13765109482,41.8760068,-87.6863869,ALPR,,180
13775814796,41.9251723,-87.6779895,ALPR,,180
13775839490,41.9251084,-87.6777402,ALPR,,270
13775858817,41.9249348,-87.6777427,ALPR,,0
13775912273,41.9249584,-87.6780553,ALPR,,90
13778338557,41.9686946,-87.6790223,ALPR,,280
13778338558,41.9688804,-87.6790965,ALPR,,190
13778535864,41.9686469,-87.6793130,ALPR,,0
13778536087,41.9688515,-87.6793706,ALPR,,100
